id;codigo;descripcion;riesgo
0;A0111;Cultivo de cereales (excepto arroz), legumbres y semillas oleaginosas;1000;
1;A0112;Cultivo de arroz;1000;
2;A0113;Cultivo de hortalizas, raíces y tubérculos;1000;
3;A0114;Cultivo de tabaco;1000;
4;A0115;Cultivo de plantas textiles;1000;
5;A0119;Otros cultivos transitorios n.c.p.;1000;
6;A0121;Cultivo de frutas tropicales y subtropicales;1000;
7;A0122;Cultivo de plátano y banano;1000;
8;A0123;Cultivo de café;1000;
9;A0124;Cultivo de caña de azúcar;1000;
10;A0125;Cultivo de flor de corte;1000;
11;A0126;Cultivo de palma para aceite (palma africana) y otros frutos oleaginosos;1000;
12;A0127;Cultivo de plantas con las que se preparan bebidas;1000;
13;A0128;Cultivo de especias y de plantas aromáticas y medicinales;1000;
14;A0129;Otros cultivos permanentes n.c.p.;1000;
15;A0130;Propagación de plantas (actividades de los viveros, excepto viveros forestales);1000;
16;A0141;Cría de ganado bovino y bufalino;1000;
17;A0142;Cría de caballos y otros equinos;1000;
18;A0143;Cría de ovejas y cabras;1000;
19;A0144;Cría de ganado porcino;1000;
20;A0145;Cría de aves de corral;1000;
21;A0149;Cría de otros animales n.c.p.;1000;
22;A0150;Explotación mixta (agrícola y pecuaria);1000;
23;A0161;Actividades de apoyo a la agricultura;1000;
24;A0162;Actividades de apoyo a la ganadería;1000;
25;A0163;Actividades posteriores a la cosecha;1000;
26;A0164;Tratamiento de semillas para propagación;1000;
27;A0210;Silvicultura y otras actividades forestales;1000;
28;A0220;Extracción de madera;1000;
29;A0230;Recolección de productos forestales diferentes a la madera;1000;
30;A0240;Servicios de apoyo a la silvicultura;1000;
31;A0311;Pesca marítima;1000;
32;A0312;Pesca de agua dulce;1000;
33;A0321;Acuicultura marítima;1000;
34;A0322;Acuicultura de agua dulce;1000;
35;B0510;Extracción de hulla (carbón de piedra);1000;
36;B0520;Extracción de carbón lignito;1000;
37;B0610;Extracción de petróleo crudo;1000;
38;B0620;Extracción de gas natural;1000;
39;B0710;Extracción de minerales de hierro;1000;
40;B0722;Extracción de oro y otros metales preciosos;1000;
41;B0723;Extracción de minerales de níquel;1000;
42;B0729;Extracción de otros minerales metalíferos no ferrosos n.c.p.;1000;
43;B0811;Extracción de piedra, arena, arcillas comunes, yeso y anhidrita;1000;
44;B0812;Extracción de arcillas de uso industrial, caliza, caolín y bentonitas;1000;
45;B0820;Extracción de esmeraldas, piedras preciosas y semipreciosas;1000;
46;B0891;Extracción de minerales para la fabricación de abonos y productos químicos;1000;
47;B0892;Extracción de halita (sal);1000;
48;B0899;Extracción de otros minerales no metálicos n.c.p.;1000;
49;B0910;Actividades de apoyo para la extracción de petróleo y de gas natural;1000;
50;B0990;Actividades de apoyo para otras actividades de explotación de minas y canteras;1000;
51;C1011;Procesamiento y conservación de carne y productos cárnicos;1000;
52;C1012;Procesamiento y conservación de pescados, crustáceos y moluscos;1000;
53;C1020;Procesamiento y conservación de frutas, legumbres, hortalizas y tubérculos;1000;
54;C1030;Elaboración de aceites y grasas de origen vegetal y animal;1000;
55;C1040;Elaboración de productos lácteos;1000;
56;C1051;Elaboración de productos de molinería;1000;
57;C1052;Elaboración de almidones y productos derivados del almidón;1000;
58;C1061;Trilla de café;1000;
59;C1062;Descafeinado, tostión y molienda del café;1000;
60;C1063;Otros derivados del café;1000;
61;C1071;Elaboración y refinación de azúcar;1000;
62;C1072;Elaboración de panela;1000;
63;C1081;Elaboración de productos de panadería;1000;
64;C1082;Elaboración de cacao, chocolate y productos de confitería;1000;
65;C1083;Elaboración de macarrones, fideos, alcuzcuz y productos farináceos similares;1000;
66;C1084;Elaboración de comidas y platos preparados;1000;
67;C1089;Elaboración de otros productos alimenticios n.c.p.;1000;
68;C1090;Elaboración de alimentos preparados para animales;1000;
69;C1101;Destilación, rectificación y mezcla de bebidas alcohólicas;1000;
70;C1102;Elaboración de bebidas fermentadas no destiladas;1000;
71;C1103;Producción de malta, elaboración de cervezas y otras bebidas malteadas;1000;
72;C1104;Elaboración de bebidas no alcohólicas, producción de aguas minerales y de otras aguas embotelladas;1000;
73;C1200;Elaboración de productos de tabaco;1000;
74;C1311;Preparación e hilatura de fibras textiles;1000;
75;C1312;Tejeduría de productos textiles;1000;
76;C1313;Acabado de productos textiles;1000;
77;C1391;Fabricación de tejidos de punto y ganchillo;1000;
78;C1392;Confección de artículos con materiales textiles, excepto prendas de vestir;1000;
79;C1393;Fabricación de tapetes y alfombras para pisos;1000;
80;C1394;Fabricación de cuerdas, cordeles, cables, bramantes y redes;1000;
81;C1399;Fabricación de otros artículos textiles n.c.p.;1000;
82;C1410;Confección de prendas de vestir, excepto prendas de piel;1000;
83;C1420;Fabricación de artículos de piel;1000;
84;C1430;Fabricación de artículos de punto y ganchillo;1000;
85;C1511;Curtido y recurtido de cueros, recurtido y teñido de pieles;1000;
86;C1512;Fabricación de artículos de viaje, bolsos de mano y artículos similares elaborados en cuero, y fabricación de artículos de talabartería y guarnicionería;1000;
87;C1513;Fabricación de artículos de viaje, bolsos de mano y artículos similares, artículos de talabartería y guarnicionería elaborados en otros materiales;1000;
88;C1521;Fabricación de calzado de cuero y piel, con cualquier tipo de suela;1000;
89;C1522;Fabricación de otros tipos de calzado, excepto calzado de cuero y piel;1000;
90;C1523;Fabricación de partes del calzado;1000;
91;C1610;Aserrado, acepillado e impregnación de la madera;1000;
92;C1620;Fabricación de hojas de madera para enchapado, fabricación de tableros contrachapados, tableros laminados, tableros de partículas y otros tableros y paneles;1000;
93;C1630;Fabricación de partes y piezas de madera, de carpintería y ebanistería para la construcción;1000;
94;C1640;Fabricación de recipientes de madera;1000;
95;C1690;Fabricación de otros productos de madera, fabricación de artículos de corcho, cestería y espartería;1000;
96;C1701;Fabricación de pulpas (pastas) celulósicas, papel y cartón;1000;
97;C1702;Fabricación de papel y cartón ondulado (corrugado), fabricación de envases, empaques y de embalajes de papel y cartón;1000;
98;C1709;Fabricación de otros artículos de papel y cartón;1000;
99;C1811;Actividades de impresión;1000;
100;C1812;Actividades de servicios relacionados con la impresión;1000;
101;C1820;Producción de copias a partir de grabaciones originales;1000;
102;C1910;Fabricación de productos de hornos de coque;1000;
103;C1921;Fabricación de productos de la refinación del petróleo;1000;
104;C1922;Actividad de mezcla de combustibles;1000;
105;C2011;Fabricación de sustancias y productos químicos básicos;1000;
106;C2012;Fabricación de abonos y compuestos inorgánicos nitrogenados;1000;
107;C2013;Fabricación de plásticos en formas primarias;1000;
108;C2014;Fabricación de caucho sintético en formas primarias;1000;
109;C2021;Fabricación de plaguicidas y otros productos químicos de uso agropecuario;1000;
110;C2022;Fabricación de pinturas, barnices y revestimientos similares, tintas para impresión y masillas;1000;
111;C2023;Fabricación de jabones y detergentes, preparados para limpiar y pulir, perfumes y preparados de tocador;1000;
112;C2029;Fabricación de otros productos químicos n.c.p.;1000;
113;C2030;Fabricación de fibras sintéticas y artificiales;1000;
114;C2100;Fabricación de productos farmacéuticos, sustancias químicas medicinales y productos botánicos de uso farmacéutico;1000;
115;C2211;Fabricación de llantas y neumáticos de caucho;1000;
116;C2212;Reencauche de llantas usadas;1000;
117;C2219;Fabricación de formas básicas de caucho y otros productos de caucho n.c.p.;1000;
118;C2221;Fabricación de formas básicas de plástico;1000;
119;C2229;Fabricación de artículos de plástico n.c.p.;1000;
120;C2310;Fabricación de vidrio y productos de vidrio;1000;
121;C2391;Fabricación de productos refractarios;1000;
122;C2392;Fabricación de materiales de arcilla para la construcción;1000;
123;C2393;Fabricación de otros productos de cerámica y porcelana;1000;
124;C2394;Fabricación de cemento, cal y yeso;1000;
125;C2395;Fabricación de artículos de hormigón, cemento y yeso;1000;
126;C2396;Corte, tallado y acabado de la piedra;1000;
127;C2399;Fabricación de otros productos minerales no metálicos n.c.p.;1000;
128;C2410;Industrias básicas de hierro y de acero;1000;
129;C2421;Industrias básicas de metales preciosos;1000;
130;C2429;Industrias básicas de otros metales no ferrosos;1000;
131;C2431;Fundición de hierro y de acero;1000;
132;C2432;Fundición de metales no ferrosos;1000;
133;C2511;Fabricación de productos metálicos para uso estructural;1000;
134;C2512;Fabricación de tanques, depósitos y recipientes de metal, excepto los utilizados para el envase o transporte de mercancías;1000;
135;C2513;Fabricación de generadores de vapor, excepto calderas de agua caliente para calefacción central;1000;
136;C2591;Forja, prensado, estampado y laminado de metal, pulvimetalurgia;1000;
137;C2592;Tratamiento y revestimiento de metales, mecanizado;1000;
138;C2593;Fabricación de artículos de cuchillería, herramientas de mano y artículos de ferretería;1000;
139;C2599;Fabricación de otros productos elaborados de metal n.c.p.;1000;
140;C2610;Fabricación de componentes y tableros electrónicos;1000;
141;C2620;Fabricación de computadoras y de equipo periférico;1000;
142;C2640;Fabricación de aparatos electrónicos de consumo;1000;
143;C2651;Fabricación de equipo de medición, prueba, navegación y control;1000;
144;C2660;Fabricación de equipo de irradiación y equipo electrónico de uso médico y terapéutico;1000;
145;C2670;Fabricación de instrumentos ópticos y equipo fotográfico;1000;
146;C2711;Fabricación de motores, generadores y transformadores eléctricos;1000;
147;C2712;Fabricación de aparatos de distribución y control de la energía eléctrica;1000;
148;C2720;Fabricación de pilas, baterías y acumuladores eléctricos;1000;
149;C2731;Fabricación de hilos y cables eléctricos y de fibra óptica;1000;
150;C2732;Fabricación de dispositivos de cableado;1000;
151;C2740;Fabricación de equipos eléctricos de iluminación;1000;
152;C2750;Fabricación de aparatos de uso doméstico;1000;
153;C2790;Fabricación de otros tipos de equipo eléctrico n.c.p.;1000;
154;C2812;Fabricación de equipos de potencia hidráulica y neumática;1000;
155;C2813;Fabricación de otras bombas, compresores, grifos y válvulas;1000;
156;C2814;Fabricación de cojinetes, engranajes, trenes de engranajes y piezas de transmisión;1000;
157;C2815;Fabricación de hornos, hogares y quemadores industriales;1000;
158;C2816;Fabricación de equipo de elevación y manipulación;1000;
159;C2817;Fabricación de maquinaria y equipo de oficina (excepto computadoras y equipo periférico);1000;
160;C2819;Fabricación de otros tipos de maquinaria y equipo de uso general n.c.p.;1000;
161;C2821;Fabricación de maquinaria agropecuaria y forestal;1000;
162;C2822;Fabricación de máquinas formadoras de metal y de máquinas herramienta;1000;
163;C2823;Fabricación de maquinaria para la metalurgia;1000;
164;C2824;Fabricación de maquinaria para explotación de minas y canteras y para obras de construcción;1000;
165;C2825;Fabricación de maquinaria para la elaboración de alimentos, bebidas y tabaco;1000;
166;C2826;Fabricación de maquinaria para la elaboración de productos textiles, prendas de vestir y cueros;1000;
167;C2829;Fabricación de otros tipos de maquinaria y equipo de uso especial n.c.p.;1000;
168;C2910;Fabricación de vehículos automotores y sus motores;1000;
169;C2920;Fabricación de carrocerías para vehículos automotores, fabricación de remolques y semirremolques;1000;
170;C2930;Fabricación de partes, piezas (autopartes) y accesorios (lujos) para vehículos automotores;1000;
171;C3011;Construcción de barcos y de estructuras flotantes;1000;
172;C3012;Construcción de embarcaciones de recreo y deporte;1000;
173;C3030;Fabricación de aeronaves, naves espaciales y de maquinaria conexa;1000;
174;C3091;Fabricación de motocicletas;1000;
175;C3092;Fabricación de bicicletas y de sillas de ruedas para personas con discapacidad;1000;
176;C3099;Fabricación de otros tipos de equipo de transporte n.c.p.;1000;
177;C3110;Fabricación de muebles;1000;
178;C3120;Fabricación de colchones y somieres;1000;
179;C3210;Fabricación de joyas, bisutería y artículos conexos;1000;
180;C3230;Fabricación de artículos y equipo para la práctica del deporte;1000;
181;C3240;Fabricación de juegos, juguetes y rompecabezas;1000;
182;C3250;Fabricación de instrumentos, aparatos y materiales médicos y odontológicos (incluido mobiliario);1000;
183;C3290;Otras industrias manufactureras n.c.p.;1000;
184;C3311;Mantenimiento y reparación especializado de productos elaborados en metal;1000;
185;C3312;Mantenimiento y reparación especializado de maquinaria y equipo;1000;
186;C3313;Mantenimiento y reparación especializado de equipo electrónico y óptico;1000;
187;C3314;Mantenimiento y reparación especializado de equipo eléctrico;1000;
188;C3315;Mantenimiento y reparación especializado de equipo de transporte, excepto los vehículos automotores, motocicletas y bicicletas;1000;
189;C3319;Mantenimiento y reparación de otros tipos de equipos y sus componentes n.c.p.;1000;
190;C3320;Instalación especializada de maquinaria y equipo industrial;1000;
191;D3511;Generación de energía eléctrica;1000;
192;D3512;Transmisión de energía eléctrica;1000;
193;D3514;Comercialización de energía eléctrica;1000;
194;D3520;Producción de gas, distribución de combustibles gaseosos por tuberías;1000;
195;D3530;Suministro de vapor y aire acondicionado;1000;
196;E3600;Captación, tratamiento y distribución de agua;1000;
197;E3700;Evacuación y tratamiento de aguas residuales;1000;
198;E3811;Recolección de desechos no peligrosos;1000;
199;E3812;Recolección de desechos peligrosos;1000;
200;E3821;Tratamiento y disposición de desechos no peligrosos;1000;
201;E3822;Tratamiento y disposición de desechos peligrosos;1000;
202;E3830;Recuperación de materiales;1000;
203;E3900;Actividades de saneamiento ambiental y otros servicios de gestión de desechos;1000;
204;F4111;Construcción de edificios residenciales;1000;
205;F4112;Construcción de edificios no residenciales;1000;
206;F4210;Construcción de carreteras y vías de ferrocarril;1000;
207;F4220;Construcción de proyectos de servicio público;1000;
208;F4290;Construcción de otras obras de ingeniería civil;1000;
209;F4311;Demolición;1000;
210;F4312;Preparación del terreno;1000;
211;F4321;Instalaciones eléctricas;1000;
212;F4322;Instalaciones de fontanería, calefacción y aire acondicionado;1000;
213;F4329;Otras instalaciones especializadas;1000;
214;F4330;Terminación y acabado de edificios y obras de ingeniería civil;1000;
215;F4390;Otras actividades especializadas para la construcción de edificios y obras de ingeniería civil;1000;
216;G4511;Comercio de vehículos automotores nuevos;1000;
217;G4512;Comercio de vehículos automotores usados;1000;
218;G4520;Mantenimiento y reparación de vehículos automotores;1000;
219;G4530;Comercio de partes, piezas (autopartes) y accesorios (lujos) para vehículos automotores;1000;
220;G4541;Comercio de motocicletas y de sus partes, piezas y accesorios;1000;
221;G4542;Mantenimiento y reparación de motocicletas y de sus partes y piezas;1000;
222;G4610;Comercio al por mayor a cambio de una retribución o por contrata;1000;
223;G4620;Comercio al por mayor de materias primas agropecuarias, animales vivos;1000;
224;G4631;Comercio al por mayor de productos alimenticios;1000;
225;G4632;Comercio al por mayor de bebidas y tabaco;1000;
226;G4641;Comercio al por mayor de productos textiles, productos confeccionados para uso doméstico;1000;
227;G4642;Comercio al por mayor de prendas de vestir;1000;
228;G4643;Comercio al por mayor de calzado;1000;
229;G4644;Comercio al por mayor de aparatos y equipo de uso doméstico;1000;
230;G4645;Comercio al por mayor de productos farmacéuticos, medicinales, cosméticos y de tocador;1000;
231;G4649;Comercio al por mayor de otros utensilios domésticos n.c.p.;1000;
232;G4651;Comercio al por mayor de computadores, equipo periférico y programas de informática;1000;
233;G4652;Comercio al por mayor de equipo, partes y piezas electrónicos y de telecomunicaciones;1000;
234;G4653;Comercio al por mayor de maquinaria y equipo agropecuarios;1000;
235;G4659;Comercio al por mayor de otros tipos de maquinaria y equipo n.c.p.;1000;
236;G4661;Comercio al por mayor de combustibles sólidos, líquidos, gaseosos y productos conexos;1000;
237;G4662;Comercio al por mayor de metales y productos metalíferos;1000;
238;G4663;Comercio al por mayor de materiales de construcción, artículos de ferretería, pinturas, productos de vidrio, equipo y materiales de fontanería y calefacción;1000;
239;G4664;Comercio al por mayor de productos químicos básicos, cauchos y plásticos en formas primarias y productos químicos de uso agropecuario;1000;
240;G4665;Comercio al por mayor de desperdicios, desechos y chatarra;1000;
241;G4669;Comercio al por mayor de otros productos n.c.p.;1000;
242;G4690;Comercio al por mayor no especializado;1000;
243;G4711;Comercio al por menor en establecimientos no especializados con surtido compuesto principalmente por alimentos, bebidas o tabaco;1000;
244;G4719;Comercio al por menor en establecimientos no especializados, con surtido compuesto principalmente por productos diferentes de alimentos (víveres en general), bebidas y tabaco;1000;
245;G4721;Comercio al por menor de productos agrícolas para el consumo en establecimientos especializados;1000;
246;G4722;Comercio al por menor de leche, productos lácteos y huevos, en establecimientos especializados;1000;
247;G4723;Comercio al por menor de carnes (incluye aves de corral), productos cárnicos, pescados y productos de mar, en establecimientos especializados;1000;
248;G4724;Comercio al por menor de bebidas y productos del tabaco, en establecimientos especializados;1000;
249;G4729;Comercio al por menor de otros productos alimenticios n.c.p., en establecimientos especializados;1000;
250;G4731;Comercio al por menor de combustible para automotores;1000;
251;G4732;Comercio al por menor de lubricantes (aceites, grasas), aditivos y productos de limpieza para vehículos automotores;1000;
252;G4741;Comercio al por menor de computadores, equipos periféricos, programas de informática y equipos de telecomunicaciones en establecimientos especializados;1000;
253;G4742;Comercio al por menor de equipos y aparatos de sonido y de video, en establecimientos especializados;1000;
254;G4751;Comercio al por menor de productos textiles en establecimientos especializados;1000;
255;G4752;Comercio al por menor de artículos de ferretería, pinturas y productos de vidrio en establecimientos especializados;1000;
256;G4753;Comercio al por menor de tapices, alfombras y cubrimientos para paredes y pisos en establecimientos especializados;1000;
257;G4754;Comercio al por menor de electrodomésticos y gasodomésticos de uso doméstico, muebles y equipos de iluminación;1000;
258;G4755;Comercio al por menor de artículos y utensilios de uso doméstico;1000;
259;G4759;Comercio al por menor de otros artículos domésticos en establecimientos especializados;1000;
260;G4761;Comercio al por menor de libros, periódicos, materiales y artículos de papelería y escritorio, en establecimientos especializados;1000;
261;G4762;Comercio al por menor de artículos deportivos, en establecimientos especializados;1000;
262;G4769;Comercio al por menor de otros artículos culturales y de entretenimiento n.c.p. en establecimientos especializados;1000;
263;G4771;Comercio al por menor de prendas de vestir y sus accesorios (incluye artículos de piel) en establecimientos especializados;1000;
264;G4772;Comercio al por menor de todo tipo de calzado y artículos de cuero y sucedáneos del cuero en establecimientos especializados;1000;
265;G4773;Comercio al por menor de productos farmacéuticos y medicinales, cosméticos y artículos de tocador en establecimientos especializados;1000;
266;G4774;Comercio al por menor de otros productos nuevos en establecimientos especializados;1000;
267;G4775;Comercio al por menor de artículos de segunda mano;1000;
268;G4781;Comercio al por menor de alimentos, bebidas y tabaco, en puestos de venta móviles;1000;
269;G4789;Comercio al por menor de otros productos en puestos de venta móviles;1000;
270;G4791;Comercio al por menor realizado a través de internet;1000;
271;G4799;Otros tipos de comercio al por menor no realizado en establecimientos, puestos de venta o mercados;1000;
272;H4912;Transporte férreo de carga;1000;
273;H4921;Transporte de pasajeros;1000;
274;H4922;Transporte mixto;1000;
275;H4923;Transporte de carga por carretera;1000;
276;H4930;Transporte por tuberías;1000;
277;H5011;Transporte de pasajeros marítimo y de cabotaje;1000;
278;H5012;Transporte de carga marítimo y de cabotaje;1000;
279;H5021;Transporte fluvial de pasajeros;1000;
280;H5022;Transporte fluvial de carga;1000;
281;H5111;Transporte aéreo nacional de pasajeros;1000;
282;H5121;Transporte aéreo nacional de carga;1000;
283;H5122;Transporte aéreo internacional de carga;1000;
284;H5210;Almacenamiento y depósito;1000;
285;H5221;Actividades de estaciones, vías y servicios complementarios para el transporte terrestre;1000;
286;H5222;Actividades de puertos y servicios complementarios para el transporte acuático;1000;
287;H5223;Actividades de aeropuertos, servicios de navegación aérea y demás actividades conexas al transporte aéreo;1000;
288;H5224;Manipulación de carga;1000;
289;H5229;Otras actividades complementarias al transporte;1000;
290;H5310;Actividades postales nacionales;1000;
291;H5320;Actividades de mensajería;1000;
292;I5511;Alojamiento en hoteles;1000;
293;I5512;Alojamiento en apartahoteles;1000;
294;I5513;Alojamiento en centros vacacionales;1000;
295;I5519;Otros tipos de alojamientos para visitantes;1000;
296;I5520;Actividades de zonas de camping y parques para vehículos recreacionales;1000;
297;I5530;Servicio por horas;1000;
298;I5590;Otros tipos de alojamiento n.c.p.;1000;
299;I5611;Expendio a la mesa de comidas preparadas;1000;
300;I5612;Expendio por autoservicio de comidas preparadas;1000;
301;I5613;Expendio de comidas preparadas en cafeterías;1000;
302;I5619;Otros tipos de expendio de comidas preparadas n.c.p.;1000;
303;I5621;Catering para eventos;1000;
304;I5629;Actividades de otros servicios de comidas;1000;
305;I5630;Expendio de bebidas alcohólicas para el consumo dentro del establecimiento;1000;
306;J5811;Edición de libros;1000;
307;J5813;Edición de periódicos, revistas y otras publicaciones periódicas;1000;
308;J5819;Otros trabajos de edición;1000;
309;J5820;Edición de programas de informática (software);1000;
310;J5911;Actividades de producción de películas cinematográficas, videos, programas, anuncios y comerciales de televisión;1000;
311;J5912;Actividades de posproducción de películas cinematográficas, videos, programas, anuncios y comerciales de televisión;1000;
312;J5913;Actividades de distribución de películas cinematográficas, videos, programas, anuncios y comerciales de televisión;1000;
313;J5914;Actividades de exhibición de películas cinematográficas y videos;1000;
314;J5920;Actividades de grabación de sonido y edición de música;1000;
315;J6010;Actividades de programación y transmisión en el servicio de radiodifusión sonora;1000;
316;J6020;Actividades de programación y transmisión de televisión;1000;
317;J6110;Actividades de telecomunicaciones alámbricas;1000;
318;J6120;Actividades de telecomunicaciones inalámbricas;1000;
319;J6130;Actividades de telecomunicación satelital;1000;
320;J6190;Otras actividades de telecomunicaciones;1000;
321;J6201;Actividades de desarrollo de sistemas informáticos (planificación, análisis, diseño, programación, pruebas);1000;
322;J6202;Actividades de consultoría informática y actividades de administración de instalaciones informáticas;1000;
323;J6209;Otras actividades de tecnologías de información y actividades de servicios informáticos;1000;
324;J6311;Procesamiento de datos, alojamiento (hosting) y actividades relacionadas;1000;
325;J6312;Portales web;1000;
326;J6391;Actividades de agencias de noticias;1000;
327;J6399;Otras actividades de servicio de información n.c.p.;1000;
328;K6421;Actividades de las corporaciones financieras;1000;
329;K6422;Actividades de las compañías de financiamiento;1000;
330;K6424;Actividades de las cooperativas financieras;1000;
331;K6431;Fideicomisos, fondos y entidades financieras similares;1000;
332;K6493;Actividades de compra de cartera o factoring;1000;
333;K6494;Otras actividades de distribución de fondos;1000;
334;K6495;Instituciones especiales oficiales;1000;
335;K6499;Otras actividades de servicio financiero, excepto las de seguros y pensiones n.c.p.;1000;
336;K6511;Seguros generales;1000;
337;K6512;Seguros de vida;1000;
338;K6513;Reaseguros;1000;
339;K6514;Capitalización;1000;
340;K6521;Servicios de seguros sociales de salud;1000;
341;K6611;Administración de mercados financieros;1000;
342;K6612;Corretaje de valores y de contratos de productos básicos;1000;
343;K6613;Otras actividades relacionadas con el mercado de valores;1000;
344;K6614;Actividades de las casas de cambio;1000;
345;K6615;Actividades de los profesionales de compra y venta de divisas;1000;
346;K6619;Otras actividades auxiliares de las actividades de servicios financieros n.c.p.;1000;
347;K6621;Actividades de agentes y corredores de seguros;1000;
348;K6629;Evaluación de riesgos y daños, y otras actividades de servicios auxiliares;1000;
349;K6630;Actividades de administración de fondos;1000;
350;L6810;Actividades inmobiliarias realizadas con bienes propios o arrendados;1000;
351;L6820;Actividades inmobiliarias realizadas a cambio de una retribución o por contrata;1000;
352;M6910;Actividades jurídicas;1000;
353;M6920;Actividades de contabilidad, teneduría de libros, auditoría financiera y asesoría tributaria;1000;
354;M7010;Actividades de administración empresarial;1000;
355;M7020;Actividades de consultaría de gestión;1000;
356;M7110;Actividades de arquitectura e ingeniería y otras actividades conexas de consultoría técnica;1000;
357;M7120;Ensayos y análisis técnicos;1000;
358;M7210;Investigaciones y desarrollo experimental en el campo de las ciencias naturales y la ingeniería;1000;
359;M7220;Investigaciones y desarrollo experimental en el campo de las ciencias sociales y las humanidades;1000;
360;M7310;Publicidad;1000;
361;M7320;Estudios de mercado y realización de encuestas de opinión pública;1000;
362;M7410;Actividades especializadas de diseño;1000;
363;M7420;Actividades de fotografía;1000;
364;M7490;Otras actividades profesionales, científicas y técnicas n.c.p.;1000;
365;M7500;Actividades veterinarias;1000;
366;N7710;Alquiler y arrendamiento de vehículos automotores;1000;
367;N7721;Alquiler y arrendamiento de equipo recreativo y deportivo;1000;
368;N7729;Alquiler y arrendamiento de otros efectos personales y enseres domésticos n.c.p.;1000;
369;N7730;Alquiler y arrendamiento de otros tipos de maquinaria, equipo y bienes tangibles n.c.p.;1000;
370;N7740;Arrendamiento de propiedad intelectual y productos similares, excepto obras protegidas por derechos de autor;1000;
371;N7810;Actividades de agencias de empleo;1000;
372;N7820;Actividades de agencias de empleo temporal;1000;
373;N7830;Otras actividades de suministro de recurso humano;1000;
374;N7911;Actividades de las agencias de viaje;1000;
375;N7912;Actividades de operadores turísticos;1000;
376;N7990;Otros servicios de reserva y actividades relacionadas;1000;
377;N8010;Actividades de seguridad privada;1000;
378;N8020;Actividades de servicios de sistemas de seguridad;1000;
379;N8030;Actividades de detectives e investigadores privados;1000;
380;N8110;Actividades combinadas de apoyo a instalaciones;1000;
381;N8121;Limpieza general interior de edificios;1000;
382;N8129;Otras actividades de limpieza de edificios e instalaciones industriales;1000;
383;N8130;Actividades de paisajismo y servicios de mantenimiento conexos;1000;
384;N8211;Actividades combinadas de servicios administrativos de oficina;1000;
385;N8219;Fotocopiado, preparación de documentos y otras actividades especializadas de apoyo a oficina;1000;
386;N8220;Actividades de centros de llamadas (Call center);1000;
387;N8230;Organización de convenciones y eventos comerciales;1000;
388;N8291;Actividades de agencias de cobranza y oficinas de calificación crediticia;1000;
389;N8292;Actividades de envase y empaque;1000;
390;N8299;Otras actividades de servicio de apoyo a las empresas n.c.p.;1000;
391;O8414;Actividades reguladoras y facilitadoras de la actividad económica;1000;
392;O8430;Actividades de planes de seguridad social de afiliación obligatoria;1000;
393;P8511;Educación de la primera infancia;1000;
394;P8512;Educación preescolar;1000;
395;P8513;Educación básica primaria;1000;
396;P8521;Educación básica secundaria;1000;
397;P8522;Educación media académica;1000;
398;P8523;Educación media técnica y de formación laboral;1000;
399;P8530;Establecimientos que combinan diferentes niveles de educación;1000;
400;P8541;Educación técnica profesional;1000;
401;P8542;Educación tecnológica;1000;
402;P8551;Formación académica no formal;1000;
403;P8559;Otros tipos de educación n.c.p.;1000;
404;P8560;Actividades de apoyo a la educación;1000;
405;Q8610;Actividades de hospitales y clínicas, con internación;1000;
406;Q8621;Actividades de la práctica médica, sin internación;1000;
407;Q8622;Actividades de la práctica odontológica;1000;
408;Q8691;Actividades de apoyo diagnóstico;1000;
409;Q8692;Actividades de apoyo terapéutico;1000;
410;Q8699;Otras actividades de atención de la salud humana;1000;
411;Q8710;Actividades de atención residencial medicalizada de tipo general;1000;
412;Q8890;Otras actividades de asistencia social sin alojamiento;1000;
413;R9002;Creación musical;1000;
414;R9004;Creación audiovisual;1000;
415;R9006;Actividades teatrales;1000;
416;R9007;Actividades de espectáculos musicales en vivo;1000;
417;R9008;Otras actividades de espectáculos en vivo;1000;
418;R9101;Actividades de bibliotecas y archivos;1000;
419;R9103;Actividades de jardines botánicos, zoológicos y reservas naturales;1000;
420;R9200;Actividades de juegos de azar y apuestas;1000;
421;R9311;Gestión de instalaciones deportivas;1000;
422;R9312;Actividades de clubes deportivos;1000;
423;R9319;Otras actividades deportivas;1000;
424;R9321;Actividades de parques de atracciones y parques temáticos;1000;
425;R9329;Otras actividades recreativas y de esparcimiento n.c.p.;1000;
426;S9411;Actividades de asociaciones empresariales y de empleadores;1000;
427;S9492;Actividades de asociaciones políticas;1000;
428;S9499;Actividades de otras asociaciones n.c.p.;1000;
429;S9511;Mantenimiento y reparación de computadores y de equipo periférico;1000;
430;S9512;Mantenimiento y reparación de equipos de comunicación;1000;
431;S9521;Mantenimiento y reparación de aparatos electrónicos de consumo;1000;
432;S9523;Reparación de calzado y artículos de cuero;1000;
433;S9529;Mantenimiento y reparación de otros efectos personales y enseres domésticos;1000;
434;S9601;Lavado y limpieza, incluso la limpieza en seco, de productos textiles y de piel;1000;
435;S9602;Peluquería y otros tratamientos de belleza;1000;
436;S9603;Pompas fúnebres y actividades relacionadas;1000;
437;S9609;Otras actividades de servicios personales n.c.p.;1000;
438;T9810;Actividades no diferenciadas de los hogares individuales como productores de bienes para uso propio;1000;
439;T9820;Actividades no diferenciadas de los hogares individuales como productores de servicios para uso propio;1000;
440;U9900;Actividades de organizaciones y entidades extraterritoriales;1000;
